age,gender,attendance_percentage,study_hours_per_week,previous_grade,stress_level,sleep_hours,family_income,dropout
24,Female,43,16,61,1,4,78182,0
21,Female,52,5,77,9,6,22801,0
22,Male,88,35,74,6,7,99431,0
24,Male,99,8,84,8,8,59749,1
20,Male,41,9,55,3,5,93757,1
22,Male,99,34,47,8,7,75654,1
22,Female,44,28,86,2,8,91574,1
24,Female,83,7,56,4,4,75381,0
19,Female,66,15,56,3,5,78601,0
20,Male,71,8,93,1,8,35082,0
24,Female,60,30,65,7,8,34648,0
20,Male,47,31,52,2,6,20364,1
20,Female,77,31,56,4,7,54568,0
22,Male,47,10,77,9,6,99646,1
21,Male,89,19,56,6,5,91494,0
20,Female,42,34,87,8,8,94632,1
23,Female,93,39,53,2,6,27436,0
22,Female,83,27,84,7,7,46754,0
19,Female,97,10,45,6,5,80194,1
21,Male,42,8,74,9,4,44544,1
23,Female,61,22,85,7,6,80180,0
23,Female,45,13,53,1,5,83295,1
19,Female,41,33,86,8,4,32638,1
21,Male,62,17,47,3,6,85715,1
22,Male,83,21,54,2,5,89409,0
18,Female,41,36,93,3,5,37157,1
21,Male,77,26,66,6,6,65565,0
19,Female,56,8,52,3,5,89996,0
23,Male,74,9,88,5,8,85888,0
22,Male,73,17,70,6,6,76095,0
21,Male,62,38,92,8,5,84947,0
18,Male,69,26,95,7,4,90880,0
18,Female,91,27,74,8,4,24507,0
20,Female,47,7,99,3,8,63988,0
20,Female,61,38,45,4,6,36865,0
24,Male,83,36,44,6,5,47213,0
19,Female,97,25,61,7,5,75954,0
21,Female,75,25,97,9,4,77450,0
21,Female,44,15,88,1,8,24477,0
24,Male,52,8,62,8,4,82222,1
23,Male,68,5,64,8,4,26533,1
23,Male,70,32,73,6,8,69395,0
24,Female,86,28,65,4,6,43396,0
23,Female,96,39,86,3,5,32755,0
20,Female,94,17,44,3,6,20865,0
21,Male,55,38,65,6,7,31173,0
24,Male,81,15,59,8,7,78905,0
21,Female,69,21,45,7,7,58097,0
18,Male,96,39,45,1,8,53371,1
20,Male,94,22,98,6,4,31254,0
22,Male,55,26,89,7,6,24018,0
20,Male,51,28,57,7,5,25192,0
24,Female,56,23,43,9,7,22015,1
22,Male,55,25,56,5,6,88916,1
18,Male,51,12,96,1,7,48343,0
24,Male,47,32,53,2,7,89306,1
19,Male,59,9,53,4,5,25829,1
21,Female,42,21,52,5,8,54381,1
18,Female,55,23,46,9,4,38263,1
21,Male,69,31,83,1,8,73260,0
23,Male,84,38,94,3,6,63306,0
19,Male,62,15,54,5,8,78418,0
19,Male,67,16,58,3,6,20148,0
18,Male,90,25,82,4,6,21754,0
19,Male,79,15,86,3,4,46745,0
22,Female,93,32,83,4,5,92914,0
19,Male,44,9,74,1,4,75833,1
21,Female,59,21,56,8,8,40140,0
21,Female,79,24,74,4,6,94907,0
24,Male,95,16,58,7,7,80653,0
21,Female,83,10,59,2,7,81521,0
24,Female,40,21,75,2,6,98315,1
21,Female,96,23,74,6,4,51075,0
22,Female,69,30,71,2,5,50697,0
24,Female,60,36,97,6,4,74544,0
20,Female,59,10,87,2,6,29795,1
23,Male,45,15,83,4,6,84555,0
18,Female,61,37,79,7,5,72204,0
21,Female,57,28,63,8,8,89754,1
19,Female,47,27,56,3,8,84860,0
21,Male,78,19,46,9,5,71529,0
19,Female,71,31,82,2,8,31672,0
23,Male,72,15,89,8,7,74238,1
23,Female,92,21,40,8,8,55950,0
23,Male,55,18,74,4,8,31009,0
19,Male,51,31,71,1,8,67096,1
21,Female,77,22,75,1,7,39544,0
23,Female,91,32,52,2,8,75728,0
22,Male,73,8,45,9,7,49381,0
24,Female,53,11,97,2,5,45287,1
19,Male,75,39,53,2,4,84610,0
19,Male,72,13,76,6,5,88122,0
21,Male,62,12,87,7,4,88184,0
19,Male,89,21,54,7,5,60081,0
19,Male,84,21,86,9,4,65312,0
23,Female,41,37,43,6,4,92943,0
21,Male,80,36,79,8,6,72726,0
23,Male,60,12,98,6,4,42211,0
24,Female,41,23,55,2,4,49480,0
24,Male,66,7,67,1,6,67780,0
23,Female,96,9,55,5,8,77138,0
24,Female,48,17,43,9,8,62503,1
21,Female,40,35,84,8,6,77893,1
18,Male,50,20,65,4,7,66193,1
23,Male,42,36,67,5,4,81358,1
22,Male,91,26,71,5,4,98182,0
22,Female,62,33,84,6,6,42117,0
19,Male,65,26,41,3,6,79056,1
24,Female,43,7,70,5,7,78706,0
22,Male,57,14,42,2,8,90429,0
19,Female,94,25,93,1,5,29476,0
18,Male,45,20,47,1,8,75006,1
21,Male,74,16,63,7,4,89918,0
21,Male,61,6,54,2,6,83155,0
21,Female,82,28,82,4,7,87321,0
22,Female,54,39,70,5,8,65798,1
18,Male,61,34,48,7,7,97271,0
22,Male,99,34,78,2,8,50177,0
24,Female,76,39,84,6,4,63013,0
22,Female,91,23,41,1,5,73450,0
18,Female,81,12,47,7,7,67928,1
18,Male,51,30,46,9,7,65382,1
24,Female,86,11,95,5,5,20760,0
18,Male,88,34,83,5,7,44142,0
18,Female,81,11,90,4,7,37290,0
21,Male,77,7,78,3,8,91035,0
24,Female,57,5,81,9,8,20364,1
20,Female,84,29,96,5,5,76921,0
20,Female,74,5,55,8,4,39797,1
18,Female,69,19,74,9,7,52535,0
20,Female,63,17,69,5,4,66300,0
20,Male,81,12,49,9,5,67176,0
18,Female,69,9,77,2,5,36105,0
20,Female,53,13,57,9,8,27939,1
22,Female,45,5,89,4,7,99472,1
19,Male,42,39,44,6,6,62029,1
24,Female,55,6,92,6,5,35863,1
19,Male,46,27,68,6,7,98097,0
18,Female,91,13,78,2,4,30447,0
21,Female,53,38,99,7,8,66940,0
24,Male,48,18,73,6,4,97947,1
18,Female,54,8,82,1,5,39642,0
21,Male,60,34,84,2,5,87643,0
19,Male,74,35,62,7,4,27928,0
18,Female,41,15,44,1,5,68002,1
24,Male,66,39,69,1,7,45017,0
24,Female,41,12,45,1,5,99064,0
23,Female,74,7,95,8,8,33313,0
22,Male,57,18,97,4,7,21559,1
20,Male,53,17,85,4,6,70893,1
21,Male,59,36,83,2,5,35167,0
23,Male,57,38,43,1,5,58598,0
20,Female,49,23,68,9,8,27523,1
20,Female,64,20,62,7,8,69777,0
18,Male,41,6,45,4,4,48439,1
20,Female,64,21,71,6,4,33285,0
22,Female,93,38,81,2,4,30973,0
24,Female,72,20,57,7,8,42694,0
23,Female,75,6,54,2,4,55774,0
20,Male,70,6,79,8,4,24302,1
18,Male,53,30,97,8,6,42391,1
22,Female,40,17,71,1,4,24611,0
19,Male,85,35,48,8,5,29372,0
24,Male,55,38,76,2,8,44312,0
24,Male,93,7,49,6,7,34080,0
23,Female,85,12,59,1,6,40874,0
24,Female,91,27,45,5,8,82537,0
20,Female,42,18,87,7,8,93914,0
18,Male,74,31,95,1,5,21597,0
24,Female,80,33,98,2,4,31600,0
24,Female,45,5,42,7,5,23747,1
19,Male,64,21,81,6,4,99415,0
19,Female,52,34,50,3,4,98553,0
21,Female,92,17,82,2,8,44815,0
22,Male,73,25,56,4,4,44714,0
20,Male,47,23,71,3,6,38890,0
24,Male,60,23,43,7,6,81509,0
24,Female,73,29,43,8,6,81824,0
18,Female,43,26,56,2,8,24725,1
21,Female,64,35,80,7,5,63205,0
22,Male,54,21,58,8,7,40684,0
21,Male,43,27,44,6,4,77911,1
23,Female,84,36,71,6,7,33092,0
22,Female,99,14,61,1,5,59770,0
24,Male,51,14,95,4,5,45457,0
24,Male,71,12,45,1,8,91667,1
22,Male,71,24,74,4,6,82894,0
24,Male,67,36,61,2,6,81305,0
20,Female,52,18,40,5,5,32612,1
22,Male,70,32,59,9,8,98627,0
21,Female,53,28,61,3,8,57089,1
22,Female,59,19,87,8,4,72137,1
24,Female,57,26,94,3,6,20559,0
20,Male,68,34,50,6,5,86249,0
20,Male,99,8,52,4,7,57361,0
23,Male,45,17,98,8,6,35261,0
21,Male,71,27,81,6,4,40372,0
19,Female,68,12,42,8,8,75355,0
19,Male,82,22,48,1,5,77920,0
22,Male,41,16,99,6,6,52544,0
23,Female,99,35,51,1,7,20037,0
18,Male,62,18,62,1,4,63032,0
22,Female,58,38,53,8,4,98233,1
23,Female,70,22,72,7,6,61420,0
21,Female,90,38,57,3,7,54600,0
21,Female,44,15,88,6,4,68285,1
21,Female,58,16,98,9,5,82008,1
21,Female,73,19,80,7,4,25167,0
21,Female,49,35,48,3,7,20432,0
23,Female,64,33,62,6,8,89687,0
23,Male,41,30,49,4,8,91947,1
20,Male,50,22,58,3,6,70903,1
19,Male,89,36,86,9,7,74149,0
24,Male,70,26,44,2,4,76768,1
21,Female,95,21,86,1,4,80184,0
18,Male,54,27,91,2,8,85792,0
24,Female,48,28,62,7,8,53439,0
23,Male,62,12,69,1,5,53257,0
18,Male,58,10,64,6,8,64674,0
18,Male,48,9,67,7,5,71248,1
18,Female,74,33,73,9,4,65371,0
20,Male,60,32,84,8,5,87996,0
23,Female,48,15,95,6,5,57297,0
18,Female,67,5,87,3,6,74273,0
21,Male,85,23,86,8,8,81256,0
22,Male,90,13,64,7,5,54743,0
18,Male,46,31,49,3,4,88752,1
20,Female,55,38,53,9,7,99803,0
24,Male,55,8,81,2,5,95117,0
23,Female,99,22,96,3,8,90051,0
20,Female,72,19,85,2,6,42076,0
18,Male,43,17,97,1,4,95312,1
23,Male,43,23,69,4,6,22963,0
22,Female,78,10,94,5,7,92322,0
18,Female,79,16,80,6,5,33866,0
20,Female,56,21,64,5,5,52305,0
19,Male,76,27,53,1,8,82403,0
21,Female,78,30,74,3,5,52813,0
24,Male,99,33,91,1,4,86729,0
20,Female,91,37,87,5,7,80686,0
23,Female,68,31,73,5,6,24512,0
18,Male,91,29,49,6,7,42666,1
21,Female,75,14,74,8,5,36630,0
18,Male,99,27,50,1,6,94519,0
23,Male,77,25,50,4,8,20636,0
18,Female,78,25,60,1,7,23775,0
19,Male,89,17,60,9,6,87957,0
21,Male,76,37,61,7,6,84591,0
21,Female,91,28,84,7,6,98561,0
23,Male,74,15,46,5,4,94816,0
24,Male,46,21,94,7,7,31351,0
19,Male,66,8,56,2,6,75184,1
20,Female,67,29,41,4,7,89180,1
18,Male,61,34,51,7,6,93309,0
22,Female,53,13,96,3,8,30778,0
18,Female,46,25,81,2,8,32501,1
18,Male,76,24,57,2,8,22108,0
20,Male,61,23,93,1,5,56382,0
18,Male,44,23,98,5,6,95787,1
19,Female,94,16,50,6,5,43341,0
19,Male,41,21,55,6,7,97214,1
21,Male,66,32,88,9,5,34367,0
23,Male,60,39,90,4,7,89868,0
24,Male,93,22,57,1,7,32002,0
22,Male,77,18,74,6,7,79949,0
18,Female,54,39,92,5,5,35700,1
18,Female,60,11,98,6,6,99305,0
20,Male,49,17,65,3,5,82543,0
23,Male,62,22,55,2,6,49318,0
19,Male,97,17,45,6,6,47610,0
22,Male,95,35,96,1,7,92499,0
21,Female,78,6,83,7,5,93374,0
19,Male,44,20,82,7,6,85226,0
23,Female,40,13,86,7,8,65167,0
24,Female,52,13,86,1,6,97779,0
21,Male,60,15,87,4,8,47939,0
24,Female,65,26,81,7,5,81365,0
20,Female,89,37,51,9,5,87381,0
20,Female,84,27,99,5,5,66710,0
18,Female,60,38,52,2,6,36766,0
24,Male,92,13,43,7,4,32780,0
23,Male,57,28,78,1,6,68458,1
22,Female,76,12,93,7,6,76221,0
21,Male,84,11,41,6,7,21509,1
19,Male,71,22,65,7,7,54346,0
23,Male,75,7,98,3,6,66874,0
23,Male,56,32,66,3,8,46148,1
20,Male,74,10,66,7,7,51533,0
24,Female,88,25,54,2,6,98467,0
18,Male,99,32,47,1,4,21359,0
18,Male,50,5,46,9,8,80313,1
21,Male,60,25,86,9,5,40344,0
20,Male,91,39,94,7,6,89778,0
23,Female,94,17,85,7,6,40601,0
22,Female,92,14,79,3,8,39116,0
20,Female,65,14,99,2,7,76985,0
21,Female,43,17,51,7,7,50782,1
21,Male,73,28,52,9,7,69819,0
20,Female,91,6,82,1,5,89035,0
21,Male,87,26,56,4,8,64458,0
20,Male,99,21,56,6,8,28080,0
19,Male,57,18,95,7,7,53957,1
20,Male,79,14,75,7,7,33908,0
24,Male,74,39,60,2,4,98287,0
20,Female,80,29,47,4,4,67482,0
21,Female,68,7,44,5,6,58314,1
24,Female,91,21,65,1,6,94921,0
21,Female,68,16,55,1,8,35831,0
18,Male,77,28,75,3,8,40125,0
18,Female,81,33,67,3,5,82451,0
24,Male,60,29,93,8,5,65708,1
19,Female,81,30,68,9,4,37682,0
18,Male,52,5,86,1,6,55794,0
20,Male,88,24,51,2,4,79372,0
21,Female,80,32,76,2,4,59477,0
18,Male,56,20,69,4,6,73863,0
18,Male,95,21,62,2,5,58737,0
19,Female,48,32,55,7,6,22620,0
24,Male,80,16,53,9,7,55057,0
24,Female,40,31,49,7,7,60138,1
23,Female,41,34,46,6,7,99390,1
19,Female,99,38,84,1,8,73024,0
20,Male,87,10,91,9,5,29677,0
24,Male,68,11,99,5,5,64111,0
21,Male,72,36,76,5,8,44074,0
19,Female,49,36,68,6,4,37824,0
18,Male,89,29,42,9,7,20765,1
21,Female,97,37,54,8,7,65439,1
21,Female,99,11,75,8,4,68926,0
18,Male,79,16,86,8,6,56860,0
19,Female,60,20,85,1,6,32975,0
18,Male,67,20,91,1,5,94877,0
23,Male,50,17,58,8,8,97870,1
21,Male,94,11,52,5,5,46548,0
22,Male,73,13,81,9,6,58736,0
22,Male,47,36,60,2,4,81562,0
20,Female,98,15,76,9,5,60409,0
24,Female,61,12,66,8,7,29834,0
18,Female,47,37,94,9,7,20840,1
18,Male,88,27,91,4,4,99409,0
20,Male,54,29,68,1,6,51568,0
20,Male,56,12,59,1,7,30846,0
20,Female,99,26,64,5,7,25899,0
21,Male,62,8,45,2,8,86101,0
23,Female,63,7,75,8,5,58773,0
18,Female,84,33,41,5,6,94723,1
21,Male,58,33,61,5,5,92762,0
20,Male,44,38,71,2,6,24311,0
18,Female,71,38,55,7,7,76888,0
21,Male,83,32,57,8,8,61616,0
23,Female,40,17,44,1,5,72134,1
21,Male,62,19,93,2,7,26083,0
23,Male,76,27,75,4,6,32598,0
20,Female,47,30,69,5,5,22580,0
23,Male,52,8,84,2,5,77395,1
18,Female,47,30,58,1,7,62321,0
20,Male,96,13,62,9,5,29386,0
18,Female,62,9,73,1,8,73171,0
22,Female,82,36,52,4,8,39522,0
19,Male,40,24,82,2,7,85532,0
23,Female,84,15,93,4,6,34635,0
19,Male,90,19,68,8,7,20671,0
19,Male,63,36,75,8,8,53545,0
23,Male,74,32,61,9,4,74079,0
20,Female,63,26,91,5,4,46855,0
22,Female,56,21,91,7,5,55790,0
18,Male,44,30,86,3,5,71012,1
21,Male,59,11,75,4,4,34260,0
18,Female,60,30,48,9,8,85139,1
21,Male,79,29,78,1,5,21074,0
18,Male,97,14,90,2,7,62676,0
23,Female,70,23,58,5,7,29475,0
22,Male,85,15,77,3,8,98414,0
21,Female,75,17,45,2,5,35120,0
24,Male,50,12,91,1,7,43147,0
20,Female,91,8,86,3,5,21986,0
18,Male,54,35,54,1,5,52430,0
18,Male,58,32,96,1,7,75479,1
21,Female,46,15,59,1,4,22176,0
20,Male,90,5,48,8,7,81918,1
20,Female,67,28,71,3,8,47115,0
23,Male,90,35,43,1,6,97442,1
24,Female,82,30,89,7,7,60002,0
23,Female,97,9,57,3,5,77124,0
23,Female,44,24,44,8,5,26610,1
23,Female,44,15,59,4,7,69752,1
23,Male,69,37,62,4,6,98947,0
23,Male,93,31,50,5,7,94716,0
22,Female,71,38,76,6,6,67993,0
20,Female,47,19,61,7,6,30073,0
23,Female,49,36,97,4,8,57251,1
20,Male,77,25,43,8,5,91437,1
20,Male,86,9,68,6,5,58897,0
19,Male,71,10,83,1,6,70906,0
22,Male,87,26,73,1,5,71616,0
23,Female,67,22,52,9,4,24482,0
18,Female,56,18,81,6,6,92936,0
21,Female,70,14,48,8,5,59574,0
24,Male,47,17,81,7,4,63284,1
18,Male,79,35,70,6,8,92932,0
22,Male,64,34,46,4,5,27338,0
21,Female,48,7,43,7,4,62718,1
22,Female,41,34,58,9,7,32500,1
20,Male,54,10,81,7,7,31545,1
21,Female,89,33,69,1,4,81480,0
20,Male,42,12,70,9,6,25241,1
18,Male,88,37,74,4,6,42821,0
18,Female,75,21,96,3,5,24695,0
21,Male,43,15,60,4,7,97066,0
21,Female,53,17,70,4,6,34318,1
23,Male,80,15,58,2,6,70934,0
22,Female,80,35,70,1,7,42331,0
23,Female,64,32,92,1,8,72672,0
22,Female,97,10,71,8,6,96860,0
23,Male,94,20,41,2,4,88754,1
20,Male,89,8,98,5,5,22837,0
21,Female,49,39,91,4,6,60077,1
18,Female,60,30,49,8,6,99915,0
22,Male,75,16,41,2,8,24239,0
22,Male,51,15,41,9,4,49669,1
18,Male,66,29,99,7,5,68624,0
23,Female,79,22,63,7,6,95147,0
22,Male,41,23,56,1,5,24150,1
24,Male,93,27,71,2,7,31109,0
20,Female,52,22,55,4,6,46016,0
21,Male,92,30,55,4,6,31936,0
18,Male,71,10,85,3,7,31036,0
21,Male,70,8,78,7,8,59236,0
24,Female,55,33,92,8,6,34021,1
22,Female,71,38,70,2,5,56943,0
22,Female,71,21,82,4,4,70016,0
24,Female,99,20,63,3,5,43244,0
18,Female,73,6,40,2,8,83027,1
20,Female,50,38,50,6,4,58985,0
19,Female,49,12,94,4,5,21502,0
18,Male,54,17,60,6,5,73836,1
19,Male,56,12,43,2,7,23770,1
24,Female,79,34,46,4,8,62865,0
23,Male,57,36,65,6,7,73811,0
19,Male,94,34,86,5,4,24001,0
20,Female,48,5,89,3,7,80848,1
23,Male,64,21,51,8,8,72635,0
19,Male,79,24,70,7,6,40946,0
24,Male,98,28,56,3,6,86134,0
23,Male,53,26,72,6,4,63744,1
24,Male,99,33,50,4,6,59159,0
19,Female,97,26,67,5,7,43671,0
24,Female,64,13,71,5,4,36450,0
20,Female,89,14,40,7,8,34908,0
19,Male,61,32,86,5,4,77275,0
19,Female,91,32,67,3,4,64358,0
19,Male,69,25,92,5,5,69047,0
18,Male,59,28,81,7,5,55518,0
18,Male,60,6,46,5,4,77813,1
18,Male,83,12,41,5,6,26806,1
20,Female,71,31,81,9,5,60891,0
23,Female,90,26,63,3,8,59220,0
24,Male,85,31,43,6,7,37158,1
22,Female,88,33,83,1,5,47588,0
19,Male,95,7,58,5,4,82576,0
24,Female,60,17,65,8,6,44188,0
19,Female,74,14,50,5,7,78830,0
20,Male,97,13,79,9,5,24019,0
19,Female,71,31,89,6,6,32419,0
18,Male,69,38,82,8,6,53697,0
22,Female,94,5,50,8,6,27973,0
21,Male,78,36,84,3,4,31136,0
19,Male,88,29,42,7,8,82502,0
24,Female,51,33,51,7,6,51285,0
18,Female,80,11,42,6,7,43039,1
21,Male,86,7,81,7,5,86720,0
22,Female,57,24,66,2,7,79155,0
21,Female,60,24,88,9,4,36911,0
18,Male,52,34,93,1,4,20916,1
23,Male,60,39,41,1,7,79052,0
23,Female,47,39,88,3,8,89110,0
21,Male,85,31,55,3,4,37790,0
20,Male,79,30,41,1,4,25206,0
24,Male,85,18,99,7,7,69950,0
24,Female,46,21,93,4,4,76361,0
21,Female,62,22,69,2,8,81451,0
19,Male,83,33,59,5,8,57696,0
19,Female,71,24,77,6,8,88226,0
24,Male,50,31,67,9,5,66728,1
24,Female,61,22,64,4,8,75401,0
23,Male,61,8,71,2,8,86226,0
20,Male,82,5,49,5,5,45103,1
18,Female,64,5,99,3,6,54263,0
19,Male,61,30,81,2,4,96621,0
24,Female,67,24,79,1,8,70044,0
23,Female,68,27,72,2,4,77730,0
22,Male,52,14,52,6,7,45825,1
23,Male,57,15,95,8,4,96256,1
19,Female,41,9,80,3,5,57271,0
19,Male,68,5,93,9,4,97256,0
23,Male,60,21,81,9,4,66732,0
18,Male,54,26,86,2,4,86433,0
21,Male,91,38,76,8,6,43572,0
19,Male,66,33,93,5,6,58546,0
23,Female,89,8,55,4,7,35150,0
24,Female,70,9,84,5,5,74165,0
23,Male,54,15,61,4,4,83690,0
20,Male,90,25,96,8,4,73664,0
21,Male,62,39,59,4,4,95199,0
22,Female,63,16,89,6,4,56948,0
18,Male,83,30,82,2,6,57030,0
22,Female,52,23,66,5,7,47007,0
21,Female,61,11,80,6,8,96772,0
21,Female,82,11,55,5,5,42024,0
21,Male,76,30,73,2,4,59384,0
22,Female,72,9,71,7,7,38157,1
24,Male,95,25,65,4,8,21756,0
21,Female,42,18,64,8,7,88112,1
23,Male,93,8,41,7,6,78051,1
22,Female,58,27,51,7,8,84595,0
21,Male,62,24,79,9,7,98210,0
23,Female,68,19,48,1,6,63094,1
24,Male,69,33,51,6,7,24535,0
20,Male,78,12,65,6,7,76035,0
24,Male,83,23,48,6,8,67367,0
21,Male,86,32,49,6,6,37118,0
22,Female,64,31,71,7,4,79812,0
19,Female,76,8,96,6,5,79884,0
21,Male,86,19,73,1,8,86168,0
19,Female,47,39,87,3,6,33280,1
23,Male,81,5,59,2,7,34746,0
20,Male,97,7,78,6,6,73251,0
18,Female,55,28,99,8,5,30207,1
24,Male,47,31,41,3,5,91127,1
20,Male,40,38,40,8,4,47757,1
21,Female,83,33,90,8,4,36226,0
19,Male,44,28,99,5,5,81407,0
24,Male,42,28,75,8,8,47206,1
19,Male,40,8,63,6,8,40256,0
22,Male,43,7,93,5,7,53822,1
19,Female,79,38,66,9,4,61340,0
22,Female,74,27,41,7,7,72234,0
23,Female,71,27,70,8,4,63351,0
24,Male,81,9,96,1,5,68671,0
24,Male,73,35,53,2,8,95320,0
18,Female,82,10,41,8,8,55157,0
21,Male,64,14,68,9,5,39937,0
22,Male,49,11,54,4,7,74290,0
18,Male,60,25,51,9,7,66707,0
19,Male,85,24,76,4,6,31219,0
19,Female,78,7,67,9,4,29399,0
18,Female,66,26,59,7,7,47657,0
24,Female,66,8,78,2,5,40047,0
19,Male,41,32,63,9,7,96095,1
23,Female,80,16,60,4,8,92154,0
23,Female,87,9,49,8,4,64891,1
18,Male,52,17,85,7,6,26780,0
22,Male,48,27,53,7,4,47050,0
22,Female,91,34,76,8,8,93551,0
18,Female,75,29,57,1,8,88666,0
22,Female,61,31,63,5,8,73010,0
24,Female,81,18,53,2,8,58165,0
24,Male,65,20,73,2,5,31528,0
22,Female,97,26,97,1,6,69608,0
23,Female,93,25,51,5,8,25914,0
22,Male,51,25,61,2,8,57136,0
24,Female,56,12,95,4,7,31179,1
20,Male,53,20,45,3,6,32076,1
21,Male,53,35,75,3,4,44783,0
19,Male,96,14,84,2,6,66716,0
20,Female,73,36,75,6,6,70298,0
22,Female,92,38,61,2,6,74304,0
23,Male,96,13,53,8,8,99360,0
18,Female,59,21,55,8,8,89835,0
22,Female,50,15,75,5,5,28118,0
23,Male,55,36,95,7,4,96292,1
21,Male,90,14,64,4,7,76911,0
22,Female,70,26,71,1,6,93489,0
24,Male,94,21,72,2,4,35185,0
18,Female,45,8,84,4,4,61792,1
23,Female,95,29,75,1,5,70613,0
23,Female,58,25,59,8,7,53927,0
23,Female,76,5,57,9,6,20386,0
21,Male,97,29,77,4,7,92728,0
22,Male,43,21,42,3,5,96281,0
21,Male,86,28,62,2,8,50020,0
19,Male,43,6,71,5,4,62678,0
19,Female,59,19,84,3,6,81394,1
22,Female,49,36,98,7,8,88945,0
24,Male,63,10,55,6,5,76414,0
21,Female,93,5,98,1,7,74816,0
18,Female,74,27,44,8,4,75918,1
23,Female,65,21,43,2,6,82694,0
23,Male,76,38,60,5,8,49455,0
22,Male,77,33,79,9,8,58735,0
24,Male,60,13,90,8,4,32109,0
19,Female,93,17,53,2,7,65802,0
19,Male,79,10,78,9,5,88020,0
23,Male,78,10,70,5,7,54622,0
22,Male,60,24,53,6,7,22597,0
21,Male,49,7,45,3,7,60597,1
19,Male,77,21,51,3,4,60954,0
21,Male,85,16,55,8,4,89519,1
24,Female,43,5,56,2,5,76115,0
19,Female,99,21,84,2,7,63151,0
19,Male,96,7,62,5,4,37040,0
20,Male,84,30,53,6,5,64772,0
19,Female,59,19,46,2,5,83832,1
18,Female,56,36,85,5,7,47916,1
22,Male,94,36,71,7,6,64871,0
22,Male,46,8,54,8,7,46372,1
21,Male,43,22,83,7,6,81707,1
24,Male,68,23,56,8,5,59080,1
19,Female,53,39,80,9,4,62722,1
18,Male,42,18,93,5,8,49048,0
21,Male,63,37,86,5,5,29777,0
20,Male,76,18,83,4,4,74711,0
21,Male,55,38,73,9,5,56331,0
21,Female,97,8,44,5,7,40968,1
19,Female,94,28,84,2,6,73969,0
20,Female,91,33,66,8,5,31292,0
21,Male,43,23,91,7,4,60794,0
18,Male,95,10,62,8,7,99459,0
18,Female,63,37,79,3,8,70192,0
22,Male,73,23,98,4,7,47703,0
20,Male,69,5,53,5,6,89165,0
20,Female,57,9,54,6,7,87650,0
22,Female,58,31,82,1,8,76516,0
21,Female,70,20,72,4,4,42257,0
20,Female,99,10,92,5,5,71672,0
18,Male,99,17,70,7,6,83308,0
18,Male,58,39,74,5,8,97583,1
19,Female,88,23,56,1,6,42113,0
20,Male,85,16,67,7,7,20694,0
21,Female,58,20,58,8,6,35588,1
22,Female,61,14,85,7,8,81756,0
22,Male,63,29,93,4,5,84085,0
21,Female,84,24,62,8,5,81142,1
24,Male,51,35,71,5,6,84373,0
23,Male,69,8,79,9,4,26704,0
19,Male,97,27,52,5,6,60136,0
22,Male,77,6,98,1,7,87507,0
20,Female,92,26,59,9,5,67361,0
19,Male,70,12,74,5,5,78847,0
20,Female,75,11,44,6,5,31441,0
24,Female,58,18,48,4,4,34677,1
18,Female,87,7,68,6,4,47818,0
19,Female,84,20,45,8,8,21868,1
22,Male,75,23,64,3,6,87264,0
19,Male,69,22,70,5,6,93168,0
19,Female,94,20,61,2,7,32043,0
19,Female,88,12,41,2,5,91939,1
23,Male,94,37,84,7,4,35732,0
19,Female,72,16,44,6,7,75244,1
20,Male,57,15,99,4,7,38526,1
18,Female,91,9,66,5,4,29340,0
24,Male,88,31,64,1,6,42394,0
21,Female,98,16,47,7,5,24102,1
19,Female,67,21,94,8,6,39159,0
22,Male,98,10,40,9,7,85092,1
19,Female,86,37,59,8,5,26212,0
22,Female,50,9,83,5,8,57405,1
20,Male,96,32,62,3,7,97061,0
22,Female,99,18,71,9,6,75186,0
21,Male,93,9,50,6,6,64239,0
18,Male,84,37,78,5,6,30532,0
22,Female,72,23,86,3,4,99054,0
22,Female,56,26,93,6,7,92012,0
18,Female,45,9,63,3,5,86540,1
21,Female,43,6,50,6,6,23271,1
19,Female,59,34,68,4,6,65482,0
22,Female,87,8,93,2,4,20209,0
18,Female,86,37,65,8,5,25539,0
20,Male,66,17,55,4,7,39977,0
18,Female,54,24,74,9,8,94142,0
20,Male,45,11,59,7,4,88684,1
21,Female,86,19,85,2,7,25607,0
19,Female,53,27,42,4,8,71939,0
18,Male,99,18,40,5,6,38594,1
24,Female,50,27,97,3,6,78382,1
24,Female,78,23,92,9,5,27399,0
23,Male,48,33,86,5,8,45117,0
22,Female,65,24,40,2,6,53617,1
21,Female,55,33,56,3,6,27498,0
18,Female,44,28,41,9,5,70624,1
24,Male,96,22,68,7,7,29628,0
22,Female,91,14,59,2,6,20329,0
24,Female,49,12,45,9,4,58619,0
18,Female,89,30,47,4,4,27032,0
20,Female,42,33,68,9,7,68094,0
18,Male,52,14,87,2,8,58034,0
23,Male,82,21,90,4,5,75264,0
18,Female,88,6,72,5,4,67850,0
18,Female,69,10,42,2,4,24722,0
23,Male,93,9,99,1,7,37772,0
21,Male,84,32,74,7,8,61679,0
18,Female,45,9,44,1,8,88771,1
23,Male,56,22,66,8,7,24576,1
22,Female,98,30,83,3,4,46707,0
20,Male,84,24,51,6,5,61632,0
20,Male,90,31,59,7,4,61476,0
18,Male,92,16,84,1,8,50285,0
21,Male,58,11,59,6,4,44154,1
21,Female,81,7,48,7,5,40054,0
22,Male,74,14,78,6,6,37165,0
18,Male,85,38,43,4,4,34439,1
20,Female,65,29,90,1,7,64518,0
21,Male,90,39,93,9,6,46962,1
18,Male,44,20,58,4,7,73934,1
24,Female,68,6,77,7,7,57763,0
21,Male,76,28,66,7,7,84094,0
23,Female,59,14,84,2,4,39464,0
24,Female,88,26,82,1,8,62036,0
21,Female,60,30,52,8,6,53270,0
20,Female,49,31,52,8,5,62299,0
19,Male,44,33,99,7,8,51541,0
24,Female,75,24,96,8,4,93545,0
22,Male,45,31,61,3,7,97078,0
22,Male,65,24,67,2,5,49765,0
20,Male,43,23,91,7,6,43769,1
21,Male,78,24,86,8,8,40156,0
18,Male,78,39,92,1,8,70481,0
21,Male,89,6,84,9,5,33435,0
20,Male,74,34,61,4,4,89650,0
22,Male,40,38,82,4,6,66336,1
21,Male,63,26,58,3,5,56135,0
22,Male,96,7,47,6,7,93631,0
24,Female,75,10,91,1,6,57909,0
18,Female,45,19,47,6,8,89487,1
24,Female,80,31,81,2,5,41468,0
22,Male,93,14,65,9,8,67655,1
22,Female,85,13,87,2,8,54341,0
19,Female,99,37,90,7,8,84182,0
19,Female,83,36,65,1,4,71786,0
24,Male,99,10,62,7,8,88304,0
23,Male,96,6,82,5,7,66514,0
24,Male,70,33,52,8,7,53979,1
19,Male,59,8,67,4,6,75107,0
22,Female,63,5,48,7,8,21160,1
20,Female,64,23,59,6,8,92577,0
24,Female,75,30,95,5,5,30846,0
22,Female,60,29,58,4,4,39924,0
20,Male,69,14,87,7,6,33882,0
20,Male,63,19,78,5,8,21095,0
19,Male,83,26,90,5,5,60983,0
24,Female,81,25,51,1,4,34123,0
21,Male,69,26,54,2,6,86615,0
18,Male,61,38,70,5,6,65278,0
19,Female,67,34,94,3,8,71999,0
19,Female,46,29,53,2,6,51153,0
21,Male,74,32,50,4,5,38344,0
18,Male,94,5,65,4,6,57656,0
22,Male,67,8,81,4,7,90515,0
23,Male,53,11,66,4,5,21212,1
24,Male,95,13,50,3,4,29001,0
23,Male,49,23,77,7,4,98784,0
22,Female,55,5,73,9,8,56427,0
19,Female,55,14,82,5,8,51368,0
18,Female,93,13,58,4,7,90819,0
19,Male,70,36,45,2,4,81160,0
20,Female,81,36,85,2,4,45854,0
19,Male,64,10,91,5,4,30715,0
19,Male,52,21,77,7,4,78784,0
22,Female,45,14,88,9,6,46797,1
22,Male,83,31,81,7,5,67573,0
22,Male,48,39,67,5,5,96120,0
23,Female,84,25,40,6,7,34780,0
20,Female,75,29,74,3,6,57905,0
22,Female,95,32,79,5,4,41573,0
18,Male,82,19,47,8,4,53359,1
23,Female,59,8,98,1,8,86062,0
21,Female,57,33,91,1,8,93391,0
18,Male,97,13,93,7,7,63463,0
24,Female,82,31,86,5,4,36571,0
24,Female,96,30,95,5,7,39142,0
18,Female,60,23,46,1,6,45104,0
22,Male,43,32,50,9,5,28625,1
21,Male,89,21,78,1,4,59199,0
21,Male,72,24,43,5,6,35926,0
23,Male,66,27,64,9,4,51218,0
21,Female,46,36,51,4,8,64472,1
24,Male,45,37,65,8,7,40566,0
20,Male,54,9,77,6,8,76125,0
22,Female,57,38,85,3,5,53205,0
21,Female,71,15,51,4,8,49717,0
23,Female,95,7,82,2,4,69984,0
24,Male,50,37,90,1,8,45135,0
20,Male,59,15,92,8,4,48164,1
19,Male,63,20,76,1,5,94489,0
19,Female,54,22,85,1,8,58562,0
20,Female,87,34,92,4,7,89110,0
24,Male,46,14,63,6,7,40169,1
23,Female,60,22,55,9,7,79858,0
20,Female,81,23,96,1,8,41604,0
22,Female,65,17,52,7,8,20684,0
22,Male,83,7,64,5,8,28007,0
19,Female,95,14,93,8,4,61787,0
21,Female,53,5,93,7,5,69582,0
23,Male,96,31,96,4,7,94791,0
19,Male,76,12,91,4,4,25782,0
21,Female,97,21,93,6,7,86770,0
21,Female,60,13,43,6,4,77645,0
22,Male,57,10,50,9,8,51996,1
24,Male,44,29,71,5,7,49204,0
18,Female,42,32,88,8,8,37152,0
24,Female,62,37,46,5,7,75186,0
18,Female,65,13,85,2,6,39689,0
20,Female,76,22,97,6,4,70690,0
22,Male,63,25,50,9,6,77320,0
21,Female,88,6,67,3,4,84226,0
23,Female,58,19,93,1,5,76091,0
18,Male,90,32,80,1,7,99301,0
24,Female,64,22,62,3,5,41942,0
21,Male,60,38,84,5,5,58712,0
18,Female,51,26,62,3,4,85277,1
18,Female,96,15,89,9,6,69632,0
18,Male,80,17,67,8,8,58031,0
23,Male,72,8,82,3,4,40478,0
22,Female,89,26,86,9,8,42551,1
23,Female,92,11,96,6,5,68068,0
19,Female,43,28,65,7,8,55561,0
21,Male,81,8,64,4,6,22892,0
22,Female,96,32,93,4,4,44395,0
22,Male,46,19,68,2,6,38756,0
22,Male,61,5,58,5,6,54651,0
24,Female,94,7,72,8,4,86333,0
22,Male,72,18,75,7,6,93745,0
23,Female,56,5,53,7,7,69306,0
22,Female,63,25,53,6,7,41346,0
20,Female,73,33,74,3,7,48024,0
21,Female,67,9,69,5,8,60818,1
22,Female,97,14,67,1,6,25947,0
21,Male,82,32,56,7,4,95153,0
20,Male,80,25,42,9,4,87428,0
20,Female,78,11,55,1,8,49754,0
21,Female,61,7,85,2,4,83355,0
18,Male,88,24,69,3,7,78241,0
19,Male,56,23,91,3,6,88960,0
24,Male,73,39,68,8,4,33418,0
18,Male,45,8,84,7,4,75184,0
18,Female,85,9,54,6,5,24833,0
23,Female,45,5,85,4,5,95430,0
24,Male,73,8,95,9,5,61833,0
24,Female,40,16,64,1,6,20565,0
18,Male,49,31,90,2,7,60180,1
22,Female,60,27,77,4,7,38402,0
23,Male,44,29,81,3,7,62845,0
23,Female,41,25,98,1,6,95851,0
20,Male,61,28,86,5,6,32834,0
24,Male,87,29,92,7,5,87850,0
18,Female,96,36,93,2,4,57180,0
20,Male,41,36,91,5,8,23883,1
21,Female,49,9,97,6,8,95587,1
19,Female,73,20,77,7,4,31695,0
23,Male,55,37,62,1,5,43123,1
21,Female,87,25,64,7,4,78481,0
21,Female,90,13,81,4,4,93438,0
22,Female,78,10,46,8,8,37573,0
19,Female,61,39,61,4,5,76494,0
21,Female,51,26,56,6,6,32288,1
21,Male,63,9,57,9,8,66978,0
19,Female,86,27,88,5,6,92420,0
19,Female,79,21,80,4,5,96095,0
21,Female,77,16,49,8,4,74672,0
19,Female,99,27,49,9,7,81821,0
21,Female,98,20,96,4,7,89224,0
21,Male,49,7,46,3,5,74796,0
22,Female,74,34,87,8,7,64706,0
18,Male,90,26,89,5,6,24023,0
21,Male,88,13,77,2,7,56735,0
20,Male,71,33,66,9,5,92959,1
23,Male,46,27,91,3,5,59218,0
24,Female,60,17,72,2,6,32213,0
18,Male,59,36,40,1,7,48460,0
18,Male,65,27,83,8,7,84680,0
18,Female,43,21,92,3,4,51017,1
22,Female,85,25,99,7,8,50990,0
21,Female,91,6,73,1,5,39515,0
22,Male,61,10,43,1,4,49991,0
21,Female,54,22,56,9,5,27634,1
22,Female,95,34,43,8,4,97034,0
22,Male,79,26,82,3,8,96452,0
23,Female,60,37,93,6,4,49377,0
20,Female,54,34,65,3,5,53001,0
22,Female,61,21,43,4,7,21391,0
23,Female,91,36,40,1,5,85206,0
19,Male,67,18,46,5,6,62215,0
20,Female,53,14,69,1,6,99720,1
22,Female,66,38,89,1,6,47114,0
24,Male,80,13,48,7,6,31882,1
18,Female,79,32,74,6,8,37273,0
19,Male,97,15,47,2,7,65647,1
19,Female,67,18,63,2,7,84892,0
23,Male,65,23,58,7,5,62679,0
19,Male,88,19,75,1,4,20427,0
20,Male,41,32,89,2,5,86267,1
22,Male,64,28,91,8,5,20799,1
22,Female,95,12,98,6,5,75659,0
24,Male,42,13,82,2,5,27025,1
18,Female,47,37,66,7,7,34481,0
23,Male,83,37,71,4,4,45411,0
18,Male,72,23,53,2,5,34961,0
19,Male,81,7,96,6,7,41767,0
24,Female,91,14,57,9,5,71690,0
18,Male,74,5,67,9,6,72870,1
20,Female,45,33,99,8,5,56135,1
22,Female,78,38,68,3,5,84514,0
19,Female,91,17,55,3,8,98798,0
24,Female,62,5,74,2,6,90765,0
18,Female,64,38,86,5,4,43772,0
23,Female,98,33,98,4,5,38799,0
20,Female,89,17,98,7,4,43555,0
20,Female,82,33,70,4,6,39333,0
18,Female,58,28,43,9,5,24261,1
22,Male,44,30,76,2,8,89002,1
18,Male,90,21,56,6,7,66553,0
19,Male,50,11,78,7,8,23088,0
18,Male,95,17,87,4,8,65783,0
20,Male,51,9,85,6,7,21115,1
24,Female,49,30,65,7,7,90114,0
18,Female,47,7,87,4,7,88126,0
22,Female,63,11,78,8,5,92908,0
24,Female,99,5,80,9,4,89109,1
23,Female,67,21,43,1,4,22978,0
21,Female,80,29,69,7,7,29422,0
18,Female,75,7,69,9,8,63626,0
22,Male,76,19,61,5,6,76174,0
24,Male,60,33,50,2,7,57743,0
22,Male,47,36,41,6,8,90461,1
23,Male,94,30,83,7,8,77199,0
20,Female,48,20,51,2,5,49430,0
22,Female,86,29,69,2,5,48834,0
24,Female,54,32,75,1,4,44435,0
22,Male,87,13,57,4,4,75797,0
22,Female,85,5,65,7,6,63554,0
22,Female,79,33,92,9,6,74555,0
19,Female,57,26,46,3,6,34716,0
19,Male,81,20,40,7,6,80261,0
20,Female,99,11,97,7,8,47528,0
18,Male,59,18,65,7,8,21995,1
22,Male,45,33,62,2,4,42414,0
23,Male,51,23,65,6,5,33844,0
18,Male,41,23,84,2,5,56659,0
23,Female,46,6,45,6,7,35522,1
18,Male,55,19,45,3,8,94034,1
20,Male,42,7,83,2,6,62322,1
22,Female,84,15,47,6,6,87638,0
22,Female,42,34,63,2,7,28524,1
21,Male,66,22,61,5,5,50846,0
23,Female,89,6,58,2,6,93643,0
18,Male,82,36,76,3,5,80096,0
18,Male,79,12,57,3,7,67703,0
19,Male,77,26,70,6,5,44399,0
21,Male,72,10,76,6,5,95160,0
24,Female,67,16,69,3,5,68591,0
24,Male,40,19,96,3,6,40714,0
19,Female,94,32,81,1,4,55877,0
19,Female,47,22,72,7,8,98018,0
19,Female,76,6,49,8,5,79136,0
23,Female,71,17,76,2,5,53414,0
23,Male,99,19,51,4,5,98943,0
20,Female,87,24,93,7,4,65468,0
20,Male,82,33,69,8,7,99702,0
19,Female,76,33,66,1,6,92108,0
21,Female,43,7,78,4,4,66835,0
18,Male,69,23,48,6,5,83333,0
23,Male,45,7,93,3,4,62464,1
21,Male,85,18,60,5,4,42923,0
22,Female,93,8,51,9,4,81855,0
23,Female,58,15,94,3,7,87445,0
23,Male,71,35,68,5,8,87619,0
20,Male,48,36,72,8,6,66146,1
18,Male,51,31,82,6,7,80032,0
18,Male,50,34,92,4,7,37140,1
24,Female,85,6,54,8,8,22670,1
24,Male,94,13,41,3,7,56519,0
24,Male,55,32,91,3,4,64512,0
24,Male,40,35,78,4,4,77811,1
22,Male,84,38,92,9,5,34691,0
22,Female,94,19,83,5,7,54262,0
23,Male,92,29,93,8,5,74892,0
19,Female,60,12,57,6,6,45595,0
20,Male,69,13,42,3,4,77207,0
20,Male,52,36,46,8,6,53440,1
24,Female,73,21,82,9,8,28630,0
23,Male,43,39,57,8,4,51250,0
21,Female,67,23,83,4,6,97518,0
19,Female,77,33,77,6,8,94191,0
23,Male,97,11,76,1,6,84791,0
19,Female,70,32,97,4,8,83753,0
19,Female,98,13,72,8,8,80520,0
19,Female,94,32,83,1,4,24008,0
23,Female,66,10,98,3,5,64464,0
24,Female,44,33,70,1,8,20496,1
20,Female,64,21,97,9,8,43212,0
20,Female,42,20,50,2,4,40637,0
24,Female,72,27,43,9,5,65227,1
19,Male,43,35,98,4,7,29884,0
21,Male,64,7,57,2,7,88259,0
18,Female,59,25,43,4,5,69810,1
23,Male,73,30,88,6,6,24761,0
18,Female,65,26,73,7,4,93166,0
24,Female,44,16,68,3,5,36375,1
21,Male,74,17,63,3,7,45218,0
23,Female,67,15,61,8,8,50565,0
24,Female,68,20,41,5,7,52975,0
19,Female,48,12,83,4,8,47073,0
20,Female,91,6,45,7,4,89726,0
18,Male,77,34,81,7,8,21883,0
22,Female,89,34,64,9,5,88422,0
22,Female,45,16,94,9,8,69629,1
21,Female,58,14,96,5,6,84170,1
19,Male,99,15,60,8,5,94489,0
18,Female,83,19,94,1,4,28381,0
19,Male,96,20,98,9,5,43238,0
18,Male,50,21,55,8,6,33795,0
21,Female,41,30,70,6,4,82999,0
21,Female,86,6,53,3,7,69907,0
22,Male,83,16,78,3,6,29638,0
19,Female,83,30,67,8,4,90467,1
23,Male,48,27,71,5,8,62623,1
22,Male,60,22,67,7,5,58492,0
19,Female,63,36,90,5,4,46411,0
22,Female,73,7,94,8,5,40534,0
23,Male,61,7,88,4,8,49181,0
20,Male,42,34,48,2,4,39996,0
20,Male,51,5,97,3,7,92089,1
20,Male,67,34,84,8,6,92666,0
20,Female,69,36,61,7,4,49405,0
24,Female,65,32,71,2,8,91325,0
18,Female,87,25,44,6,4,48930,0
24,Female,60,17,62,9,5,37529,0
24,Female,67,31,44,4,4,73546,0
24,Male,95,11,81,9,7,27942,0
20,Female,65,26,92,2,4,27548,0
23,Female,72,14,71,2,6,38296,0
21,Female,60,19,98,9,4,71016,0
21,Female,74,19,49,7,5,20296,0
18,Female,91,8,98,7,4,87945,1
20,Male,73,36,78,1,7,79980,0
20,Male,80,27,97,6,8,76782,0
20,Male,90,10,54,7,4,54229,0
22,Female,86,28,46,6,4,73444,0
19,Male,57,24,68,6,6,55036,1
22,Male,97,24,98,2,7,59322,0
19,Female,50,16,86,6,8,47167,1
20,Female,96,37,42,4,5,71667,0
20,Female,62,32,58,9,4,71468,1
22,Male,87,12,49,1,8,92894,0
22,Male,61,5,67,8,5,73084,1
19,Female,56,26,68,5,7,83138,0
21,Female,44,10,54,1,7,42588,0
19,Male,83,25,74,4,8,82901,0
22,Male,50,36,45,1,5,37671,1
23,Female,69,39,51,6,7,51645,0
22,Female,54,19,86,2,8,27637,0
23,Male,66,9,77,5,7,20660,0
18,Female,74,10,52,7,7,26922,0
22,Male,72,29,68,2,7,64721,0
18,Male,59,33,58,6,6,77256,0
21,Male,55,11,42,6,5,89506,1
19,Male,73,17,47,5,8,88943,0
23,Female,41,22,47,5,8,47843,1
19,Female,74,6,94,3,5,29046,0
18,Male,79,12,97,2,5,83985,0
23,Male,95,15,59,7,5,50346,0
19,Male,67,37,86,1,5,73526,0
22,Male,86,31,43,6,4,93143,0
20,Male,78,24,90,6,8,56787,0
18,Female,45,16,60,3,4,53583,0
19,Female,48,35,42,2,7,32563,1
18,Female,59,31,84,2,7,66060,0
24,Female,99,36,47,9,8,53690,1
18,Male,40,14,62,5,7,34925,1
23,Male,47,7,55,7,5,40108,1
24,Male,94,31,52,5,4,96515,0
23,Male,62,39,42,7,5,88258,1
20,Male,42,35,87,4,7,25355,1
24,Female,43,19,48,8,4,66069,1
22,Male,97,20,99,7,5,74471,0
18,Female,64,17,53,5,8,52705,0
19,Female,86,39,52,6,5,63909,0
21,Female,77,15,92,5,7,73739,0
18,Female,54,25,96,7,4,96820,0
18,Male,60,15,46,2,8,43241,1
20,Female,74,34,54,5,4,47414,0
22,Female,96,39,46,3,8,70818,0
21,Female,92,26,77,9,4,40895,0
24,Male,92,35,73,6,7,82409,0
24,Male,85,18,80,3,8,75324,0
24,Male,91,28,61,7,6,86920,0
23,Female,53,36,63,4,4,73555,1
23,Female,75,36,88,3,4,85453,0
19,Male,51,19,76,8,5,42689,0
21,Female,56,39,83,4,8,84356,1
24,Male,78,7,40,1,6,28252,1
23,Male,48,20,49,6,7,50844,0
19,Female,74,9,82,1,5,43365,0
22,Female,99,25,55,5,6,26026,0
19,Female,52,14,85,7,8,48523,0
23,Female,54,23,47,6,6,30482,1
20,Male,57,29,95,2,4,68888,0
20,Male,90,8,88,4,4,70110,0
24,Male,72,33,64,2,5,20493,0
20,Male,45,23,89,1,8,76194,0
24,Male,98,6,51,3,8,59767,0
24,Female,66,14,64,3,6,49550,0
23,Male,62,29,56,7,5,33833,0
20,Male,98,24,99,1,8,22970,0
24,Male,66,23,65,9,4,69177,0
21,Female,73,27,85,6,6,87342,0
22,Female,95,28,87,4,7,91200,0
19,Female,85,15,53,3,4,81501,0
19,Female,77,38,80,3,5,48900,0
23,Male,53,32,75,2,8,34126,0
20,Male,75,9,96,2,4,90690,0
20,Female,92,9,62,5,7,99303,0
24,Female,47,25,82,9,7,67994,1
18,Male,74,16,45,2,5,87061,1
24,Male,58,8,86,2,4,36978,1
22,Female,69,24,44,6,6,76344,1
21,Female,53,29,82,2,4,66648,0
19,Female,98,18,64,4,7,21055,0
24,Female,59,15,57,6,5,95582,0
18,Male,88,36,52,5,5,64876,0
18,Male,64,15,82,1,6,58725,0
24,Male,79,22,53,6,5,25255,0
23,Female,63,31,67,1,5,94947,0
19,Female,53,22,57,3,5,73380,1
23,Male,65,27,98,5,5,73333,0
21,Male,77,15,99,5,5,62459,0
18,Male,62,25,96,6,7,56163,0
18,Male,61,9,67,8,4,53971,1
22,Female,87,27,90,5,8,85149,0
21,Male,96,29,95,1,5,39476,0
18,Male,58,14,66,5,8,88580,0
21,Male,85,26,71,3,8,89050,0
19,Male,90,23,86,4,7,95526,0
20,Male,42,5,48,8,5,27507,1
18,Male,81,11,79,7,8,90393,0
22,Male,58,8,71,5,5,32118,0
19,Female,48,5,59,2,6,70529,0
24,Female,67,19,67,6,6,88682,0
21,Female,59,16,72,6,6,74176,1
24,Female,84,26,43,6,8,24414,0
23,Male,46,26,85,9,6,82137,1
19,Female,53,21,96,8,7,23937,0
24,Female,48,33,73,8,7,56731,1
18,Male,98,18,87,1,8,58665,0
21,Male,99,24,42,5,5,94510,0
20,Female,94,37,65,7,4,37500,0
19,Female,96,19,47,6,5,21750,1
18,Male,99,16,45,5,5,85018,0
22,Female,58,24,55,8,5,24027,0
23,Male,86,34,63,3,5,25745,0
21,Male,91,7,87,6,4,81731,0
19,Male,53,32,78,5,6,48451,0
19,Male,95,30,69,8,5,91474,0
20,Female,77,34,84,4,7,81536,0
20,Male,92,17,52,8,8,32150,0
22,Male,75,17,44,2,8,33406,0
23,Female,79,6,64,9,7,39781,0
22,Male,56,6,59,9,5,77417,1
18,Female,69,30,93,6,4,38325,0
18,Female,48,15,57,4,6,88684,0
22,Female,72,12,86,4,8,93469,0
23,Male,95,26,57,6,6,29436,0
22,Female,91,24,41,5,4,37669,0
23,Female,64,12,49,6,8,92010,0
23,Male,53,33,94,7,6,96764,1
24,Female,50,30,84,7,4,21843,0
21,Female,92,34,89,9,6,85609,0
23,Female,74,21,86,8,5,70812,0
20,Female,80,24,51,6,4,36059,0
23,Female,98,20,86,6,6,60768,0
23,Male,53,11,52,5,5,45395,0
23,Female,69,20,89,1,5,40202,0
24,Female,80,31,86,9,4,33273,1
24,Male,43,27,96,9,7,68889,1
18,Male,98,28,94,9,8,93048,1
24,Male,43,13,50,8,4,65510,1
20,Female,67,39,58,3,5,90649,0
20,Male,47,24,74,1,5,22881,0
24,Female,41,21,78,8,4,65913,1
22,Female,80,35,92,7,7,85037,0
21,Male,85,12,65,5,8,82457,0
24,Male,61,19,85,7,6,55343,0
23,Female,80,35,53,4,4,82389,0
19,Male,95,34,93,9,8,98250,0
21,Female,94,24,84,2,8,28656,0
21,Male,55,16,83,9,5,25741,0
20,Male,68,21,63,9,6,36661,0
21,Male,88,34,80,5,4,48690,0
24,Female,87,33,40,1,5,52833,0
23,Male,69,23,90,7,5,91240,0
23,Female,51,15,82,4,7,97711,1
18,Female,74,38,94,9,8,77141,0
23,Female,50,11,61,6,4,98232,0
23,Female,85,38,62,3,4,59023,0
20,Male,89,24,95,6,4,60209,0
23,Female,60,28,93,6,5,34440,0
18,Female,60,14,58,5,7,27960,0
19,Male,44,36,57,2,6,42462,0
24,Female,87,19,51,2,5,37821,0
20,Male,59,24,94,7,6,77772,1
19,Female,76,7,67,2,7,47258,0
20,Male,42,12,67,6,8,82524,0
22,Female,83,27,99,5,4,42115,0
21,Male,72,15,98,4,6,66433,0
22,Female,92,12,72,7,5,99364,0
23,Female,48,33,58,8,6,90077,1
19,Male,48,34,67,4,8,60644,1
23,Male,43,14,98,1,4,82643,1
21,Male,74,32,91,1,6,33311,0
20,Male,56,17,88,1,8,50531,1
21,Female,73,36,76,1,5,34588,0
18,Female,63,30,65,5,7,69416,0
21,Male,71,26,74,4,5,32380,0
18,Female,40,8,73,9,4,62645,1
21,Male,47,35,74,3,5,37818,1
24,Male,84,22,79,7,5,50857,0
18,Female,62,28,55,8,5,41711,1
19,Female,86,27,77,6,5,25097,0
23,Female,79,26,52,1,4,48393,0
23,Female,51,6,62,8,8,42076,0
22,Female,93,35,99,3,6,77609,0
23,Female,51,15,93,8,7,49317,1
20,Female,85,32,61,4,6,78480,0
24,Male,86,36,55,8,6,27044,0
21,Male,54,9,67,1,7,91033,0
22,Male,80,14,87,3,4,75486,0
20,Male,58,28,74,6,7,75162,0
20,Male,65,39,99,9,4,99287,0
18,Female,91,27,84,2,6,49882,0
23,Male,68,21,85,1,4,74078,0
19,Male,61,5,47,3,8,78734,0
19,Male,79,35,83,4,7,63826,0
22,Male,60,35,94,5,8,64028,0
24,Male,90,38,94,3,6,71331,0
19,Male,77,13,61,2,7,52543,0
21,Male,59,26,60,2,6,49362,0
19,Female,96,17,65,7,8,47315,0
22,Female,68,29,79,9,6,47746,1
19,Male,90,22,60,2,7,30057,0
21,Female,43,16,64,7,7,62915,0
18,Female,94,21,80,7,6,41061,0
24,Female,46,19,40,7,7,71370,1
22,Female,67,19,45,3,7,54157,1
18,Male,67,19,62,7,6,31322,0
18,Female,43,17,90,1,8,89812,0
18,Female,61,21,62,1,7,97842,0
20,Female,51,36,82,5,7,54017,0
24,Male,84,13,82,2,7,76792,0
23,Male,42,24,62,9,7,47742,0
24,Male,61,30,71,7,6,84808,0
20,Male,83,31,69,4,8,37629,0
23,Male,41,25,52,4,8,28245,0
24,Male,63,22,82,2,4,63870,0
18,Male,73,17,57,5,7,84829,0
22,Female,66,20,62,4,7,30588,0
23,Female,94,13,54,1,4,20442,0
21,Female,80,16,72,8,8,97339,0
21,Male,40,23,60,3,5,60721,0
19,Male,47,11,96,6,5,57145,1
23,Male,62,39,78,4,8,30599,0
22,Male,77,22,62,9,7,92594,0
20,Male,45,20,66,7,5,97430,0
18,Female,61,8,84,9,6,22939,1
19,Female,64,29,83,3,6,42149,0
21,Male,57,36,57,1,4,86567,1
20,Male,56,17,63,5,8,30208,0
20,Male,51,21,90,3,8,86098,1
18,Male,45,10,86,6,5,69492,0
23,Female,65,23,79,8,7,40951,0
21,Male,66,17,90,4,8,68920,0
22,Male,47,30,81,5,5,66766,0
20,Male,58,18,46,5,5,77014,1
18,Male,99,35,89,4,8,48351,0
22,Female,81,8,87,4,5,69386,1
23,Male,40,12,59,4,4,29308,0
21,Male,96,29,66,4,4,79252,0
23,Female,68,17,45,4,8,95145,0
20,Female,84,36,66,5,7,48064,0
22,Female,88,32,48,2,4,73879,0
22,Male,74,34,92,2,4,28720,0
22,Male,79,7,84,9,8,62940,0
20,Female,53,32,96,2,6,99993,0
20,Female,74,7,70,6,5,88475,0
23,Female,87,38,60,2,4,67113,0
19,Female,84,20,65,5,6,68926,0
23,Female,59,26,79,4,7,58203,1
21,Female,95,36,87,7,6,25392,0
18,Male,88,12,84,7,8,45905,0
22,Male,52,12,52,6,7,93508,0
19,Male,77,10,88,5,7,70385,0
18,Female,88,18,62,1,6,50653,0
19,Female,85,36,59,3,8,34799,0
24,Female,88,39,76,9,4,80103,0
23,Female,47,14,93,1,6,35052,0
20,Female,82,7,92,5,4,26044,0
22,Female,59,16,67,2,6,39871,1
23,Male,99,35,56,4,4,40234,0
18,Male,72,33,67,1,6,41381,0
24,Female,65,9,80,3,7,37274,0
24,Male,78,29,41,7,5,69892,0
24,Female,60,35,64,3,7,70521,0
18,Male,92,25,97,4,4,37920,0
18,Female,88,24,89,2,8,36702,0
18,Female,81,26,80,3,7,21894,0
18,Male,82,8,45,9,5,50985,1
24,Male,93,17,50,3,4,48287,0
24,Female,80,24,96,5,7,93527,0
19,Female,48,17,77,2,6,35439,1
23,Male,63,21,45,4,8,62235,0
22,Male,76,37,84,7,4,47659,0
20,Female,88,5,50,7,7,44976,0
24,Male,80,19,53,3,4,87865,0
20,Female,56,17,41,5,6,88306,1
23,Female,63,21,79,1,5,76697,0
23,Female,60,28,42,1,7,90382,0
20,Female,90,12,94,5,4,36651,0
24,Male,98,31,92,9,4,69044,0
20,Male,78,27,74,1,4,34633,0
19,Male,94,12,72,1,5,99164,0
21,Male,80,12,63,4,4,20569,0
24,Male,78,30,58,4,8,79900,0
24,Male,52,17,57,2,8,87509,1
22,Male,50,32,88,9,4,53038,1
18,Female,85,29,91,9,8,69088,0
21,Male,58,20,63,2,7,93177,0
23,Male,50,6,84,9,8,94466,1
24,Female,52,22,74,6,4,92216,1
20,Male,85,21,40,8,6,86793,0
21,Male,84,34,75,4,7,93786,0
22,Female,40,17,64,2,5,58138,0
23,Male,79,36,84,2,4,83310,0
18,Male,83,33,88,9,5,48757,0
18,Male,58,34,99,1,6,90394,0
22,Female,51,22,82,7,5,99027,0
22,Male,47,17,73,3,4,76151,0
20,Male,47,25,64,3,4,69272,1
24,Female,92,34,55,2,6,26908,0
18,Male,84,25,73,6,4,30844,0
23,Female,51,21,68,2,6,71455,1
21,Female,87,23,58,4,6,88447,0
23,Male,72,19,62,9,4,94527,1
19,Female,84,13,58,9,8,97108,0
19,Female,65,14,64,6,6,63066,0
22,Male,78,35,55,4,4,60004,0
20,Female,67,27,93,7,8,58333,0
19,Female,97,34,90,1,6,59697,0
18,Male,44,37,48,4,8,37634,1
23,Male,47,13,40,5,7,44561,1
23,Male,64,5,81,8,7,38033,0
22,Female,66,39,58,2,8,92887,0
24,Male,85,15,72,5,6,75063,0
24,Female,62,38,73,6,4,45921,0
21,Female,69,20,55,5,5,39340,0
22,Female,84,13,83,9,4,82781,0
21,Female,86,36,79,1,5,34901,0
24,Female,62,19,94,3,5,30638,0
22,Female,88,16,57,2,6,58596,0
22,Female,86,37,73,3,8,64324,0
22,Male,59,18,64,9,4,52642,1
24,Male,57,12,84,9,8,45378,0
21,Female,57,12,45,2,7,70867,0
21,Female,41,31,60,3,6,93686,1
22,Male,43,16,97,4,6,62875,1
19,Female,69,5,45,9,7,84377,1
20,Male,72,15,71,3,4,74691,0
24,Male,75,35,80,7,7,84303,0
20,Male,57,21,87,3,4,80839,0
20,Female,76,37,82,7,5,69063,0
21,Female,58,36,78,7,6,98343,0
21,Male,86,33,70,9,4,25492,0
19,Male,67,25,81,2,8,51357,0
20,Male,79,25,49,6,8,91838,1
20,Male,59,27,69,9,6,52314,1
22,Male,88,10,96,2,7,68697,0
21,Female,72,26,91,2,7,90283,0
20,Male,51,12,57,5,4,79567,1
23,Female,97,39,99,8,7,67006,0
19,Male,90,15,63,9,6,80011,0
23,Female,54,28,91,2,4,30686,1
23,Female,80,25,48,5,5,57449,0
24,Female,78,6,70,7,7,81606,0
24,Female,41,23,54,6,7,38891,1
19,Female,68,32,43,6,4,72115,1
23,Female,80,21,79,7,8,80719,0
20,Male,49,10,48,3,7,93030,1
21,Female,41,23,84,3,6,56723,1
19,Male,90,32,48,9,7,49877,1
22,Female,50,6,65,8,5,34026,0
23,Female,52,8,43,5,7,40422,1
19,Male,49,26,56,6,8,29244,1
18,Female,53,30,55,1,7,53481,1
18,Male,57,17,54,1,4,78031,0
24,Male,90,36,74,4,7,28521,0
21,Male,93,21,96,2,8,21746,0
20,Male,48,23,91,7,4,88232,0
21,Female,96,39,44,2,6,32012,1
21,Female,78,32,94,2,4,43457,0
21,Male,67,5,44,5,5,90572,0
21,Female,42,22,59,4,4,49960,0
22,Female,59,37,54,8,6,27910,1
22,Male,45,16,57,4,7,22693,0
24,Female,66,12,86,6,4,35858,0
19,Male,92,28,41,5,4,48810,0
18,Male,41,20,68,2,4,40092,1
21,Female,68,8,52,8,4,68700,0
24,Female,77,31,43,2,6,78105,0
19,Female,42,13,81,9,8,50505,1
18,Male,55,20,84,9,8,93228,1
23,Male,69,16,49,3,4,48555,0
20,Female,79,35,70,4,6,91934,0
22,Female,41,28,80,8,6,92788,1
23,Female,56,18,47,9,4,97257,0
18,Female,80,29,42,3,5,37939,0
23,Male,51,38,87,5,4,31825,0
20,Female,74,7,85,8,5,44151,0
24,Male,82,28,48,3,4,20036,0
18,Male,40,13,69,7,5,59051,0
23,Female,94,30,92,8,5,93596,0
22,Female,84,24,50,3,4,80071,0
22,Female,54,14,74,2,5,93601,0
19,Male,65,23,76,7,7,49873,0
23,Female,76,7,81,9,8,56648,1
21,Female,60,28,52,1,6,91468,0
23,Male,88,9,75,3,5,46470,1
24,Female,70,7,95,5,5,85129,0
18,Male,64,31,52,3,6,28328,0
18,Female,62,20,51,1,5,26333,0
24,Male,63,19,76,7,6,66638,0
23,Female,96,39,49,7,4,31268,0
24,Female,77,16,99,8,7,90603,0
20,Male,67,30,95,5,7,37045,0
24,Male,60,38,48,5,8,60741,0
22,Female,93,27,91,5,5,62770,0
24,Male,82,35,46,1,8,27887,0
18,Male,57,24,41,5,4,44918,0
22,Male,75,16,93,6,7,55497,0
18,Male,74,27,95,1,4,81009,0
19,Female,84,8,99,7,4,31929,0
21,Female,94,27,62,1,5,81762,0
18,Male,48,5,78,2,4,99099,0
22,Male,92,29,79,2,7,48546,0
19,Male,77,6,78,5,8,98424,0
18,Male,97,34,60,7,7,57338,0
20,Female,69,7,62,1,5,54283,0
24,Female,99,25,68,1,7,98170,0
21,Male,83,29,53,1,6,66566,0
18,Male,73,24,65,6,8,48013,0
19,Male,71,26,90,2,6,72132,0
20,Female,42,25,44,1,6,48084,0
23,Male,42,37,94,6,5,41143,0
19,Female,67,19,70,2,4,34179,0
24,Male,83,19,64,6,6,78726,0
19,Female,54,29,70,8,7,30222,1
20,Male,80,25,89,2,4,79965,0
19,Female,62,28,59,9,7,84068,0
20,Male,79,9,83,8,7,43949,0
18,Male,50,10,94,1,4,36116,0
20,Male,87,27,56,7,4,71052,0
20,Female,71,8,84,6,7,71369,0
21,Male,97,31,41,6,5,68817,0
20,Female,98,22,64,6,8,94311,0
20,Female,96,25,52,6,8,49655,0
23,Male,93,32,97,7,5,77802,0
18,Male,75,39,78,3,4,67632,0
24,Male,99,26,67,6,7,34193,0
21,Female,72,27,81,3,8,50776,0
23,Male,63,7,94,7,7,63225,0
22,Female,78,14,45,7,5,80010,0
18,Female,73,29,42,8,7,85451,1
18,Male,95,12,97,2,5,68812,0
22,Male,67,15,74,9,4,38895,0
24,Male,76,9,57,5,5,85782,0
20,Male,46,33,50,9,5,41209,0
23,Male,43,9,93,5,8,81807,0
19,Male,76,13,59,7,7,43086,0
21,Female,95,6,44,9,8,47207,0
19,Female,40,5,58,4,6,40897,1
22,Female,40,34,61,2,5,83083,0
18,Male,86,15,98,9,6,86957,1
24,Female,59,32,99,2,8,98506,0
18,Female,58,16,58,3,7,27283,0
21,Female,68,30,86,2,8,20255,0
18,Female,49,17,55,3,7,96555,0
18,Female,99,12,63,6,7,35487,0
21,Male,57,32,80,3,4,39346,0
23,Male,67,34,43,8,5,55050,0
23,Female,74,13,54,6,8,28744,0
21,Female,82,35,64,7,7,44756,0
24,Female,86,25,83,1,8,81596,0
22,Male,70,38,94,3,8,45146,0
18,Male,66,35,74,3,7,75032,0
24,Female,50,29,94,2,6,62687,0
18,Male,88,16,53,7,5,66103,0
22,Male,88,5,88,9,5,41976,1
23,Female,77,26,58,4,4,82863,0
24,Male,44,5,77,5,4,20591,0
20,Male,47,5,75,3,4,26277,0
20,Female,73,25,46,9,5,81860,0
20,Male,87,19,69,4,6,22260,0
23,Male,91,21,58,5,5,85883,0
